id,name,viz_group,Size,HP,logHP,AtkDelay,AtkRange,MinAttack,MaxAttack,BaseExpPerHP,JobExpPerHP,DelayAfterHit,PropertyName,PropertyLevel,SightRange,SpellRange,WalkSpeed,Agi,Def,Dex,Earth,Fire,Flee(95%),Ghost,Hit(100%),Holy,Int,Level,Luk,Neutral,Poison,Race,Shadow,Str,Undead,Vit,Water,Wind,img_url,img_width,img_height
1568,Angeling,Angeling,Medium,55000,10.915088464396426,1.07,1,120,195,0.0,0.0,Average,Holy,4,12,10.0,Slow,50,0,68,0,0,163,0,90,-100,75,20,200,100,0,Angel,200,1,175,20,0,0,http://file5.ratemyserver.net/mobs/1568.gif,68,47
1096,Angeling,Angeling,Medium,55000,10.915088464396426,1.07,1,120,195,0.003,0.003,Average,Holy,4,12,10.0,Slow,50,0,68,0,0,163,0,90,-100,75,20,200,100,0,Angel,200,1,175,20,0,0,http://file5.ratemyserver.net/mobs/1096.gif,68,47
1852,Angeling,Angeling,Small,120,4.787491826115376,1.29,1,60,71,0.0,0.0,Short,Holy,3,12,10.0,Slow,17,100,126,25,25,300,25,136,-50,80,99,20,100,25,Angel,175,1,150,80,25,25,http://file5.ratemyserver.net/mobs/1852.gif,68,47
1766,Angeling,Angeling,Small,128430,11.763139287884965,1.29,1,60,71,0.0,0.0,Short,Holy,3,12,10.0,Slow,17,40,126,25,25,300,25,136,-50,80,99,20,100,25,Angel,175,1,150,80,25,25,http://file5.ratemyserver.net/mobs/1766.gif,68,47
1388,Archangeling / Arc Angeling,Angeling,Medium,79523,11.283801567102733,1.07,1,669,890,0.052000000000000005,0.027000000000000003,Short,Holy,3,12,10.0,Average,65,54,65,25,25,200,25,145,-50,74,60,105,100,25,Angel,175,1,150,80,25,25,http://file5.ratemyserver.net/mobs/1388.gif,68,47
1904,Bomb Poring,Poring,Small,1000000,13.815510557974275,1.67,1,120,320,0.0,0.0,Short,Neutral,1,12,10.0,Slow,28,100,33,100,100,136,25,76,100,0,28,50,100,100,Formless,100,1,100,28,100,100,http://file5.ratemyserver.net/mobs/1904.gif,63,48
1582,Deviling,Others,Medium,64500,11.074420502938903,1.07,1,135,270,0.003,0.006,Short,Shadow,4,12,10.0,Slow,50,5,77,25,25,183,0,101,200,75,31,200,100,-25,Demon,-100,30,0,20,25,25,http://file5.ratemyserver.net/mobs/1582.gif,86,57
1853,Deviling,Others,Small,120,4.787491826115376,1.29,1,60,71,0.0,0.0,Short,Holy,3,12,10.0,Slow,17,100,126,25,25,300,25,136,-50,80,99,20,100,25,Angel,175,1,150,80,25,25,http://file5.ratemyserver.net/mobs/1853.gif,86,57
1767,Deviling,Others,Small,128430,11.763139287884965,1.29,1,60,71,0.0,0.0,Short,Holy,3,12,10.0,Slow,17,40,126,25,25,300,25,136,-50,80,99,20,100,25,Angel,175,1,150,80,25,25,http://file5.ratemyserver.net/mobs/1767.gif,86,57
1113,Drops,Drops,Medium,55,4.007333367050636,1.37,1,10,13,0.073,0.055,Short,Fire,1,12,10.0,Very Slow,3,0,12,50,25,90,100,26,100,0,3,15,100,125,Plant,100,1,100,3,150,100,http://file5.ratemyserver.net/mobs/1113.gif,41,39
1572,Drops,Drops,Medium,55,4.007333367050636,1.37,1,10,13,0.0,0.0,Short,Fire,1,12,10.0,Very Slow,3,0,12,50,25,90,100,26,100,0,3,15,100,125,Plant,100,1,100,3,150,100,http://file5.ratemyserver.net/mobs/1572.gif,41,39
1120,Ghostring,Others,Medium,73300,11.202315888011169,1.22,1,82,122,0.0,0.0,Average,Ghost,4,12,10.0,Slow,27,0,72,100,100,165,200,65,100,45,18,30,0,25,Demon,100,40,100,18,100,100,http://file5.ratemyserver.net/mobs/1120.gif,40,47
1576,Ghostring,Others,Medium,73300,11.202315888011169,1.22,1,82,122,0.0,0.0,Average,Ghost,4,12,10.0,Slow,27,0,72,100,100,165,200,65,100,45,18,30,0,25,Demon,100,40,100,18,100,100,http://file5.ratemyserver.net/mobs/1576.gif,40,47
1977,Heavy Metaling,Metaling,Small,28433,10.25530572176522,0.67,1,1350,1700,0.32799999999999996,0.3,Short,Neutral,1,12,10.0,Slow,65,40,77,100,100,225,25,158,100,40,73,2,100,100,Formless,100,30,100,28,100,100,http://file5.ratemyserver.net/mobs/1977.gif,81,64
2316,Jejeling,Others,Large,10247,9.234740259775613,1.33,1,450,1165,0.078,0.07200000000000001,Short,Earth,2,12,10.0,Very Slow,71,100,15,50,175,190,75,191,100,54,100,104,100,125,Plant,100,51,75,84,100,25,http://file5.ratemyserver.net/mobs/2316.gif,52,47
1836,Magmaring,Magmaring,Small,5300,8.575462101427005,1.47,1,550,700,0.39799999999999996,0.36,Very Short,Fire,2,12,10.0,Slow,60,25,60,25,0,175,75,120,100,10,40,17,100,125,Formless,100,40,75,30,175,100,http://file5.ratemyserver.net/mobs/1836.gif,65,65
1595,Marin,Marin,Medium,742,6.609349256644469,1.87,1,39,43,0.0,0.0,Short,Water,2,12,10.0,Very Slow,10,0,35,100,25,125,75,45,100,5,15,15,100,75,Plant,100,1,75,10,0,175,http://file5.ratemyserver.net/mobs/1595.gif,41,39
1242,Marin,Marin,Medium,742,6.609349256644469,1.87,1,39,43,0.08900000000000001,0.059000000000000004,Short,Water,2,12,10.0,Very Slow,10,0,35,100,25,125,75,45,100,5,15,15,100,75,Plant,100,1,75,10,0,175,http://file5.ratemyserver.net/mobs/1242.gif,41,39
1857,Marin,Marin,Medium,742,6.609349256644469,1.87,1,39,43,0.08900000000000001,0.059000000000000004,Short,Water,2,12,10.0,Very Slow,10,0,35,100,25,125,75,45,100,5,15,15,100,75,Plant,100,1,75,10,0,175,http://file5.ratemyserver.net/mobs/1857.gif,41,39
1090,Mastering,Others,Medium,2415,7.78945457022746,1.07,1,18,24,0.012,0.004,Short,Water,1,12,10.0,Slow,2,0,17,100,50,94,100,24,100,0,2,60,100,100,Plant,100,1,100,2,25,175,http://file5.ratemyserver.net/mobs/1090.gif,100,96
1613,Metaling,Metaling,Small,889,6.790097246762499,0.67,1,135,270,0.5529999999999999,0.28,Short,Neutral,1,12,10.0,Slow,15,5,35,100,100,136,25,61,100,18,26,2,100,100,Formless,100,30,100,10,100,100,http://file5.ratemyserver.net/mobs/1613.gif,47,45
1973,Poring,Poring,Medium,50,3.912023205428126,,1,7,10,0.04,0.02,Short,Water,1,12,10.0,Very Slow,1,0,6,100,50,82,100,22,100,0,1,30,100,100,Plant,100,1,100,1,25,175,http://file5.ratemyserver.net/mobs/1973.gif,41,39
1002,Poring,Poring,Medium,50,3.912023205428126,1.87,1,7,10,0.04,0.02,Short,Water,1,12,10.0,Very Slow,1,0,6,100,50,82,100,22,100,0,1,30,100,100,Plant,100,1,100,1,25,175,http://file5.ratemyserver.net/mobs/1002.gif,41,39
1847,Poring,Poring,Medium,10000000,16.11809565095932,0.67,1,15000,20000,0.0,0.0,Short,Ghost,1,12,10.0,Very Fast,60,60,160,100,100,333,125,178,100,120,98,30,25,100,Angel,100,1,100,120,100,100,http://file5.ratemyserver.net/mobs/1847.gif,41,39
1894,Pouring,Others,Small,100000,11.512925465070229,1.67,1,550,1450,0.0,0.0,Short,Ghost,3,0,,Slow,30,20,85,100,100,210,175,100,100,55,50,30,0,50,Plant,100,45,100,36,100,100,http://file5.ratemyserver.net/mobs/1894.gif,47,46
1031,Poporing,Poporing,Medium,344,5.840641686443165,1.67,1,59,72,0.235,0.128,Short,Poison,1,12,10.0,Slow,14,0,19,100,100,108,100,48,100,0,14,15,100,0,Plant,50,1,50,14,100,100,http://file5.ratemyserver.net/mobs/1031.gif,41,39
1502,Pori Pori / Bring it,Others,Medium,95000000,18.369387449564922,1.67,1,10000,30000,0.0,0.0,Short,Poison,1,12,10.0,Fast,100,0,255,100,100,429,100,219,100,100,99,255,100,0,Plant,50,100,50,65,100,100,http://file5.ratemyserver.net/mobs/1502.gif,41,39
1725,Poring,Poring,Medium,50,3.912023205428126,1.87,1,7,10,0.0,0.0,Short,Water,1,12,10.0,Fast,1,0,6,100,50,82,100,22,100,0,1,30,100,100,Plant,100,1,100,1,25,175,http://file5.ratemyserver.net/mobs/1725.gif,41,39
1062,Santa Poring,Poring,Medium,69,4.234106649524785,1.67,1,12,16,0.057999999999999996,0.07200000000000001,Short,Holy,1,12,10.0,Very Slow,14,0,12,75,75,90,75,37,0,10,3,90,100,75,Plant,125,1,100,3,75,75,http://file5.ratemyserver.net/mobs/1062.gif,41,46
2199,Siorava,Others,Small,6500,8.77955745742219,1.54,1,450,660,0.092,0.092,Average,Water,1,12,10.0,Slow,40,20,67,100,50,229,100,147,100,70,87,10,100,100,Formless,100,10,100,66,25,175,http://file5.ratemyserver.net/mobs/2199.gif,61,35
1904,Bomb Poring,Poring,Small,1000000,13.815510557974275,1.67,1,120,320,0.0,0.0,Short,Neutral,1,12,10.0,Slow,28,160,33,100,100,247,70,266,100,0,28,50,100,100,Formless,100,1,100,28,100,100,http://file5.ratemyserver.net/mobs/1904.gif,63,48
1031,Poporing,Poporing,Medium,524,6.261491703405011,1.67,1,74,94,0.37799999999999995,0.42700000000000005,Short,Poison,1,12,10.0,Slow,26,36,36,100,100,237,100,257,100,18,30,5,100,0,Plant,50,17,50,20,100,100,http://file5.ratemyserver.net/mobs/1031.gif,41,39
2776,Baby Poring Ringleader,Poring,Small,200,5.298317416548035,1.87,1,14,17,0.45,0.75,Short,Water,1,12,10.0,Very Slow,1,2,6,100,90,178,100,203,100,0,1,5,100,100,Plant,100,6,100,1,25,175,http://file5.ratemyserver.net/mobs/2776.gif,32,30
1502,Pori Pori / Bring it,Others,Medium,95000000,18.369387449564922,1.67,1,5000,10000,0.0,0.0,Short,Poison,1,12,10.0,Fast,100,0,255,100,100,609,100,450,100,100,99,255,100,0,Plant,50,100,50,65,100,100,http://file5.ratemyserver.net/mobs/1502.gif,41,39
1002,Poring,Poring,Medium,60,4.094344728888753,1.87,1,8,9,0.45,0.33299999999999996,Short,Water,1,12,10.0,Very Slow,1,2,6,100,90,178,100,203,100,0,1,5,100,100,Plant,100,6,100,1,25,175,http://file5.ratemyserver.net/mobs/1002.gif,41,39
1847,Poring,Poring,Medium,10000500,16.118145649709362,0.67,1,15000,20000,0.09,0.09,Short,Ghost,1,12,10.0,Very Fast,60,96,160,100,100,438,125,364,100,120,98,30,70,100,Angel,100,1,100,120,100,100,http://file5.ratemyserver.net/mobs/1847.gif,41,39
1725,Poring,Poring,Medium,50,3.912023205428126,1.87,1,7,10,0.0,0.0,Short,Water,1,12,10.0,Fast,1,0,6,100,90,187,100,208,100,0,1,30,100,100,Plant,100,1,100,1,25,175,http://file5.ratemyserver.net/mobs/1725.gif,41,39
1973,Poring,Poring,Medium,50,3.912023205428126,,1,7,10,0.04,0.02,Short,Water,1,12,10.0,Very Slow,1,0,6,100,90,187,100,208,100,0,1,30,100,100,Plant,100,1,100,1,25,175,http://file5.ratemyserver.net/mobs/1973.gif,41,39
2703,Elusive Poporing,Poporing,Medium,2620,7.8709296005719365,1.67,1,117,152,0.18899999999999997,0.64,Short,Poison,1,12,10.0,Slow,26,36,36,100,100,237,100,257,100,18,30,5,100,0,Plant,50,17,50,20,100,100,http://file5.ratemyserver.net/mobs/2703.gif,49,47
1062,Santa Poring,Poring,Medium,69,4.234106649524785,1.67,1,12,16,0.057999999999999996,0.07200000000000001,Short,Holy,1,12,10.0,Very Slow,14,0,12,75,75,215,75,235,0,10,3,90,100,75,Plant,125,1,100,3,75,75,http://file5.ratemyserver.net/mobs/1062.gif,41,46
2698,Elusive Poring,Poring,Medium,300,5.7037825079895335,1.87,1,14,17,0.3,0.5,Short,Water,1,12,10.0,Very Slow,1,2,6,100,90,178,100,203,100,0,1,5,100,100,Plant,100,6,100,1,25,175,http://file5.ratemyserver.net/mobs/2698.gif,49,47
2702,Furious Poporing,Poporing,Medium,2620,7.8709296005719365,1.67,1,117,152,0.18899999999999997,0.64,Short,Poison,1,12,10.0,Slow,33,36,36,100,100,237,100,264,100,18,30,5,100,0,Plant,50,17,50,20,100,100,http://file5.ratemyserver.net/mobs/2702.gif,49,47
2697,Furious Poring,Poring,Medium,300,5.7037825079895335,1.87,1,13,16,0.3,0.5,Short,Water,1,12,10.0,Very Slow,1,2,6,100,90,178,100,203,100,0,1,5,100,100,Plant,100,6,100,1,25,175,http://file5.ratemyserver.net/mobs/2697.gif,49,47
2248,Golden Poring,Poring,Medium,15,2.7080508677686543,1.87,0,0,0,0.0,0.0,Short,Water,1,12,10.0,Very Slow,1,160,255,100,90,426,100,202,100,1,1,1,100,100,Plant,100,1,100,1,25,175,http://file5.ratemyserver.net/mobs/2248.gif,65,66
2398,Little Poring,Poring,Small,40,3.688879704113905,1.87,1,8,9,0.45,0.25,Short,Water,1,12,10.0,Very Slow,1,2,6,100,90,178,100,203,100,0,1,5,100,100,Plant,100,6,100,1,25,175,http://file5.ratemyserver.net/mobs/2398.gif,27,25
2932,Poporing,Poporing,Medium,524,6.261491703405011,1.67,1,74,20,0.18899999999999997,0.214,Short,Poison,1,12,10.0,Slow,26,36,36,100,100,237,100,257,100,18,30,5,100,0,Plant,50,17,50,20,100,100,http://file5.ratemyserver.net/mobs/2932.gif,41,39
2701,Poporing Ringleader,Poporing,Medium,2620,7.8709296005719365,1.67,1,117,152,0.18899999999999997,0.64,Short,Poison,1,12,10.0,Slow,26,36,36,100,100,237,100,257,100,18,30,5,100,0,Plant,50,17,50,20,100,100,http://file5.ratemyserver.net/mobs/2701.gif,49,47
2403,Immune Poporing,Poporing,Medium,524,6.261491703405011,,1,74,20,0.18899999999999997,0.214,Short,Poison,1,12,10.0,Slow,26,36,36,100,100,237,100,257,100,18,30,5,100,0,Plant,50,17,50,20,100,100,http://file5.ratemyserver.net/mobs/2403.gif,41,39
2402,Immune Poporing,Poporing,Medium,524,6.261491703405011,,1,74,20,0.18899999999999997,0.214,Short,Poison,1,12,10.0,Slow,26,36,36,100,100,237,100,257,100,18,30,5,100,0,Plant,50,17,50,20,100,100,http://file5.ratemyserver.net/mobs/2402.gif,41,39
2401,Poring,Poring,Medium,60,4.094344728888753,1.87,1,8,9,0.0,0.0,Average,Water,1,12,10.0,Very Slow,1,2,6,100,90,178,100,203,100,0,1,5,100,100,Plant,100,6,100,1,25,175,http://file5.ratemyserver.net/mobs/2401.gif,41,39
2696,Poring Ringleader,Poring,Medium,300,5.7037825079895335,1.87,1,14,17,0.3,0.5,Short,Water,1,12,10.0,Very Slow,1,2,6,100,90,178,100,203,100,0,1,5,100,100,Plant,100,6,100,1,25,175,http://file5.ratemyserver.net/mobs/2696.gif,49,47
2699,Swift Poring,Poring,Medium,300,5.7037825079895335,1.87,1,14,17,0.3,0.5,Short,Water,1,12,10.0,Very Slow,1,2,6,100,90,178,100,203,100,0,1,5,100,100,Plant,100,6,100,1,25,175,http://file5.ratemyserver.net/mobs/2699.gif,49,47
2450,Thief Poring,Poring,Medium,30,3.4011977149954333,0.86,1,13,16,0.0,0.0,Very Short,Water,1,12,10.0,Slow,1,2,6,100,90,178,100,203,100,0,1,5,100,100,Plant,100,6,100,1,25,175,http://file5.ratemyserver.net/mobs/2450.gif,62,58
1113,Drops,Drops,Medium,45,3.806662711992517,1.37,1,12,13,0.6,0.444,Short,Fire,1,12,10.0,Very Slow,1,16,6,90,25,178,100,203,100,0,2,2,100,125,Plant,100,8,100,1,150,100,http://file5.ratemyserver.net/mobs/1113.gif,41,39
1572,Drops,Drops,Medium,45,3.806662711992517,1.37,1,12,13,0.0,0.0,Short,Fire,1,12,10.0,Very Slow,1,16,6,90,25,178,100,203,100,0,2,2,100,125,Plant,100,8,100,1,150,100,http://file5.ratemyserver.net/mobs/1572.gif,41,39
2762,Furious Marin,Marin,Medium,4935,8.504107953893925,1.87,1,126,159,0.14300000000000002,0.48,Short,Water,2,12,10.0,Very Slow,6,32,30,100,80,242,75,246,100,5,37,15,100,75,Plant,100,24,75,10,0,175,http://file5.ratemyserver.net/mobs/2762.gif,49,47
2845,Drops Ringleader,Drops,Medium,225,5.416100446648864,1.37,1,21,26,0.289,0.667,Short,Fire,1,12,10.0,Very Slow,1,16,6,90,25,178,100,203,100,0,2,2,100,125,Plant,100,8,100,1,150,100,http://file5.ratemyserver.net/mobs/2845.gif,49,47
1977,Heavy Metaling,Metaling,Small,11500,9.350102315220907,0.67,1,672,784,0.22699999999999998,0.172,Short,Neutral,1,12,10.0,Slow,63,134,56,100,100,345,70,377,100,58,107,38,100,100,Formless,100,105,100,86,100,100,http://file5.ratemyserver.net/mobs/1977.gif,81,64
1836,Magmaring,Magmaring,Small,13079,9.478763170253737,1.47,1,678,722,0.19399999999999998,0.146,Very Short,Fire,2,12,10.0,Slow,33,100,61,80,0,347,75,347,100,47,110,20,100,125,Formless,100,107,75,35,175,100,http://file5.ratemyserver.net/mobs/1836.gif,65,65
1613,Metaling,Metaling,Small,4300,8.366370304007235,0.67,1,171,210,0.222,0.25,Short,Neutral,1,12,10.0,Slow,30,69,50,100,100,302,70,312,100,17,81,5,100,100,Formless,100,58,100,49,100,100,http://file5.ratemyserver.net/mobs/1613.gif,47,45
2931,Metaling,Metaling,Small,4300,8.366370304007235,0.67,1,188,39,0.122,0.125,Short,Neutral,1,12,10.0,Slow,30,69,60,100,100,312,70,312,100,17,81,5,100,100,Formless,100,58,100,49,100,100,http://file5.ratemyserver.net/mobs/2931.gif,47,45
1857,Marin,Marin,Medium,742,6.609349256644469,1.87,1,39,43,0.08,0.054000000000000006,Short,Water,2,12,10.0,Very Slow,10,0,35,100,80,225,75,228,100,5,15,15,100,75,Plant,100,1,75,10,0,175,http://file5.ratemyserver.net/mobs/1857.gif,41,39
2756,Metaling Ringleader,Metaling,Small,21500,9.975808214580871,0.67,1,319,409,0.122,0.375,Short,Neutral,1,12,10.0,Slow,30,69,60,100,100,312,70,312,100,17,81,5,100,100,Formless,100,58,100,49,100,100,http://file5.ratemyserver.net/mobs/2756.gif,56,54
1595,Marin,Marin,Medium,987,6.894670049565193,1.87,1,69,83,0.0,0.0,Short,Water,2,12,10.0,Very Slow,5,32,30,100,80,242,75,245,100,5,37,15,100,75,Plant,100,24,75,10,0,175,http://file5.ratemyserver.net/mobs/1595.gif,41,39
2755,Solid Metaling,Metaling,Small,43000,10.668955394908258,0.67,1,319,409,0.06,0.187,Short,Neutral,1,12,10.0,Slow,30,69,60,100,100,312,70,312,100,17,81,5,100,100,Formless,100,58,100,49,100,100,http://file5.ratemyserver.net/mobs/2755.gif,56,54
1242,Marin,Marin,Medium,987,6.894670049565193,1.87,1,69,83,0.28600000000000003,0.32,Short,Water,2,12,10.0,Very Slow,5,32,30,100,80,242,75,245,100,5,37,15,100,75,Plant,100,24,75,10,0,175,http://file5.ratemyserver.net/mobs/1242.gif,41,39
2769,Swift Magmaring,Magmaring,Small,65395,11.08820108207617,1.47,1,1062,1485,0.11599999999999999,0.262,Very Short,Fire,2,12,10.0,Slow,33,190,73,80,0,359,75,347,100,47,110,20,100,125,Formless,100,107,75,35,175,100,http://file5.ratemyserver.net/mobs/2769.gif,78,78
1120,Ghostring,Others,Medium,26700,10.192418844762873,1.22,1,350,512,0.16,0.16699999999999998,Average,Ghost,4,12,10.0,Slow,85,88,99,100,100,381,200,388,100,66,90,66,0,25,Demon,100,66,100,66,100,100,http://file5.ratemyserver.net/mobs/1120.gif,40,47
1576,Ghostring,Others,Medium,26700,10.192418844762873,1.22,1,350,512,0.0,0.0,Average,Ghost,4,12,10.0,Slow,85,88,99,100,100,381,200,388,100,66,90,66,0,25,Demon,100,66,100,66,100,100,http://file5.ratemyserver.net/mobs/1576.gif,40,47
2936,Ghostring,Others,Small,10,2.3025860929935456,,1,1,2,0.0,0.0,Average,Neutral,1,12,7.0,Slow,0,100,0,100,100,171,70,201,100,0,1,0,100,100,Plant,100,0,100,0,100,100,http://file5.ratemyserver.net/mobs/2936.gif,40,47
